100, 1.24931502342, 0.0742890834808, 0.281815052032
101, 1.19062113762, 0.0866150856018, 0.309202194214
102, 1.0775539875, 0.0746140480042, 0.277562856674
103, 1.10195302963, 0.0769839286804, 0.295145988464
104, 1.11160206795, 0.0872559547424, 0.328381061554
105, 1.1149020195, 0.0825929641724, 0.303438186646
106, 1.08161401749, 0.083587884903, 0.296175003052
107, 1.07625412941, 0.0849070549011, 0.320948123932
108, 1.13546609879, 0.0859980583191, 0.307857036591
109, 1.12481999397, 0.0861790180206, 0.326915025711
110, 1.0882589817, 0.0923688411713, 0.319792985916
111, 1.08607912064, 0.0950779914856, 0.350528001785
112, 1.1593310833, 0.0984830856323, 0.389857053757
113, 1.13726902008, 0.0926840305328, 0.333404064178
114, 1.07244110107, 0.0918519496918, 0.343180894852
115, 1.08980107307, 0.104887008667, 0.389651060104
116, 1.10909605026, 0.1179459095, 0.390555858612
117, 1.17945504189, 0.114174842834, 0.398848056793
118, 1.07799386978, 0.0970818996429, 0.369680166245
119, 1.06827306747, 0.110682010651, 0.409496068954
120, 1.12525391579, 0.0993070602417, 0.36376285553
121, 1.12947392464, 0.121427059174, 0.392847061157
122, 1.06189608574, 0.12273311615, 0.414254903793
123, 1.07581305504, 0.129062175751, 0.428335905075
124, 1.15545201302, 0.125600099564, 0.420050859451
125, 1.13093686104, 0.128237962723, 0.409310102463
126, 1.08161306381, 0.130818843842, 0.438231945038
127, 1.08010315895, 0.119097948074, 0.433146953583
128, 1.11481595039, 0.13440489769, 0.429492950439
129, 1.12832593918, 0.121397018433, 0.436558961868
130, 1.06632304192, 0.144319057465, 0.474317073822
131, 1.07697892189, 0.139209032059, 0.460739135742
132, 1.14838600159, 0.129348039627, 0.462991952896
133, 1.12807202339, 0.134754896164, 0.493662834167
134, 1.0609228611, 0.141927957535, 0.468552112579
135, 1.09307909012, 0.159399032593, 0.503582954407
136, 1.14536905289, 0.138445854187, 0.508605003357
137, 1.13663601875, 0.140920162201, 0.505465984344
138, 1.04980611801, 0.14261007309, 0.497045993805
139, 1.06128096581, 0.128170013428, 0.463766098022
140, 1.13612699509, 0.165709018707, 0.539494037628
141, 1.13979387283, 0.174476861954, 0.53710103035
142, 1.07308101654, 0.159917831421, 0.512456893921
143, 1.07108807564, 0.175252914429, 0.565914869308
144, 1.11917686462, 0.175201177597, 0.553904056549
145, 1.13119602203, 0.205609083176, 0.565581083298
146, 1.11434292793, 0.167536973953, 0.551875829697
147, 1.09846496582, 0.169992923737, 0.540123939514
148, 1.07299089432, 0.194789171219, 0.591900110245
149, 1.13914513588, 0.194635868073, 0.589377880096
150, 1.06499791145, 0.193175077438, 0.577751874924
151, 1.11252212524, 0.187949895859, 0.583192825317
152, 1.11715507507, 0.191005945206, 0.603665828705
153, 1.08336400986, 0.199046134949, 0.629403114319
154, 1.10337805748, 0.203733921051, 0.635887145996
155, 1.11818885803, 0.21323299408, 0.656913995743
156, 1.10139107704, 0.204718828201, 0.61966085434
157, 1.09154009819, 0.207008123398, 0.65585398674
158, 1.08324790001, 0.196145057678, 0.602536201477
159, 1.07502102852, 0.211746931076, 0.68009185791
160, 1.14405012131, 0.215079069138, 0.677088022232
161, 1.14903616905, 0.21960401535, 0.665339946747
162, 1.08078598976, 0.214428901672, 0.689413070679
163, 1.09260797501, 0.236888885498, 0.693266868591
164, 1.15114712715, 0.239567995071, 0.750126838684
165, 1.1199669838, 0.211597919464, 0.672525882721
166, 1.0690510273, 0.257536172867, 0.774459123611
167, 1.0838341713, 0.232425928116, 0.718050003052
168, 1.08354115486, 0.241861820221, 0.742441892624
169, 1.19983100891, 0.231115818024, 0.679458856583
170, 1.05014109612, 0.237817049026, 0.761822938919
171, 1.12000012398, 0.240515947342, 0.725872039795
172, 1.0795238018, 0.263854980469, 0.777286052704
173, 1.09115505219, 0.266438961029, 0.780196905136
174, 1.09167194366, 0.289767980576, 0.813925981522
175, 1.0845990181, 0.273068904877, 0.766926050186
176, 1.15994405746, 0.263464927673, 0.806921005249
177, 1.0633430481, 0.267259836197, 0.76441192627
178, 1.12457299232, 0.289057016373, 0.788743019104
179, 1.12243390083, 0.29965877533, 0.855507850647
180, 1.07741093636, 0.295851945877, 0.840833902359
181, 1.14196109772, 0.292217969894, 0.823487043381
182, 1.05053281784, 0.296768903732, 0.869260072708
183, 1.12767696381, 0.301677942276, 0.865196943283
184, 1.11573886871, 0.2828810215, 0.86549282074
185, 1.13585019112, 0.304641008377, 0.853682994843
186, 1.08919000626, 0.312220096588, 0.904466152191
187, 1.13022494316, 0.327771902084, 0.899285078049
188, 1.10692095757, 0.320642232895, 0.932465076447
189, 1.08845496178, 0.340466976166, 0.937827825546
190, 1.08867001534, 0.35103392601, 0.98587679863
191, 1.13220191002, 0.347012996674, 0.951913118362
192, 1.15215086937, 0.335546970367, 0.951696157455
193, 1.09584307671, 0.351448059082, 0.973117113113
194, 1.08531808853, 0.346321105957, 0.971885919571
195, 1.07555985451, 0.328183889389, 0.942265033722
196, 1.13804483414, 0.357445955276, 0.977123022079
197, 1.13551592827, 0.334954977036, 0.940429925919
198, 1.08831810951, 0.376749992371, 0.994078874588
199, 1.07579994202, 0.347437143326, 0.957422018051
200, 1.13648080826, 0.399730920792, 1.06816697121
201, 1.12897610664, 0.384959936142, 1.04788708687
202, 1.07435083389, 0.385728120804, 1.05394816399
203, 1.08566212654, 0.387577056885, 1.05416107178
204, 1.09993004799, 0.396099805832, 1.06735086441
205, 1.16375303268, 0.388473033905, 1.04410791397
206, 1.07801914215, 0.408225059509, 1.10253715515
207, 1.14320898056, 0.428354978561, 1.11282086372
208, 1.16075921059, 0.434036970139, 1.15331482887
209, 1.14890313148, 0.387215852737, 1.06820106506
210, 1.1053981781, 0.430381059647, 1.15674495697
211, 1.09319806099, 0.37854719162, 1.0176179409
212, 1.10359978676, 0.45990395546, 1.19516587257
213, 1.11275911331, 0.43235707283, 1.09211492538
214, 1.10539603233, 0.450907945633, 1.18358588219
215, 1.14085507393, 0.407423973083, 1.13574814796
216, 1.13491201401, 0.443531036377, 1.18728113174
217, 1.10799193382, 0.448949098587, 1.19503998756
218, 1.1021490097, 0.456593036652, 1.1962749958
219, 1.10365986824, 0.487927913666, 1.23128795624
220, 1.14204096794, 0.45339512825, 1.22927999496
221, 1.14634203911, 0.41116809845, 1.11485695839
222, 1.08661794662, 0.505177974701, 1.27710819244
223, 1.1076540947, 0.473713159561, 1.27511501312
224, 1.15477108955, 0.507261991501, 1.31643605232
225, 1.15551710129, 0.48447394371, 1.2816131115
226, 1.11207699776, 0.493489980698, 1.31888508797
227, 1.11354994774, 0.493427991867, 1.2861430645
228, 1.11295008659, 0.510339021683, 1.30441498756
229, 1.21044397354, 0.508228063583, 1.335242033
230, 1.1573240757, 0.555280923843, 1.32103896141
231, 1.09485197067, 0.530559062958, 1.35409402847
232, 1.11638092995, 0.523155927658, 1.30186390877
233, 1.09594511986, 0.539088964462, 1.329007864
234, 1.10107207298, 0.51437997818, 1.31721591949
235, 1.07353496552, 0.530449867249, 1.32155895233
236, 1.16041183472, 0.556278944016, 1.39359998703
237, 1.13679385185, 0.56041097641, 1.44819998741
238, 1.18517303467, 0.570926189423, 1.47315692902
239, 1.12458705902, 0.561084985733, 1.40029406548
240, 1.14601182938, 0.545282840729, 1.3975520134
241, 1.13580298424, 0.597353219986, 1.47805190086
242, 1.10329198837, 0.61017203331, 1.50897407532
243, 1.07765388489, 0.555933952332, 1.42818713188
244, 1.13663482666, 0.603842973709, 1.42026615143
245, 1.12803506851, 0.605967998505, 1.50959300995
246, 1.15003204346, 0.574676036835, 1.47905516624
247, 1.09220814705, 0.591140031815, 1.49787306786
248, 1.12300419807, 0.574656009674, 1.48315501213
249, 1.11266613007, 0.614234924316, 1.52464485168
250, 1.11248397827, 0.69722700119, 1.59654307365
251, 1.09708786011, 0.573680877686, 1.49773383141
252, 1.13814091682, 0.676869869232, 1.67128705978
253, 1.13379812241, 0.640817165375, 1.56727313995
254, 1.15690588951, 0.663785934448, 1.64160203934
255, 1.11081194878, 0.617356061935, 1.55079913139
256, 1.1155769825, 0.62305688858, 1.5796880722
257, 1.12246489525, 0.647151947021, 1.62777996063
258, 1.11174416542, 0.655522108078, 1.61535406113
259, 1.10621404648, 0.648497104645, 1.56649184227
260, 1.16517996788, 0.678339004517, 1.64874815941
261, 1.12814712524, 0.684772968292, 1.68139600754
262, 1.15848708153, 0.684391975403, 1.62273406982
263, 1.07770180702, 0.646451950073, 1.58265089989
264, 1.11576795578, 0.666136980057, 1.602602005
265, 1.1223051548, 0.70818400383, 1.71573495865
266, 1.11073207855, 0.652391195297, 1.57866406441
267, 1.1012980938, 0.690150976181, 1.6834359169
268, 1.15486192703, 0.73268198967, 1.74441099167
269, 1.16426587105, 0.717628955841, 1.76324796677
270, 1.16055417061, 0.731687068939, 1.77217197418
271, 1.08648705482, 0.743349075317, 1.79641008377
272, 1.11401391029, 0.747659921646, 1.77730083466
273, 1.12573814392, 0.758162021637, 1.78985095024
274, 1.11343288422, 0.75483083725, 1.82853198051
275, 1.11442089081, 0.82869887352, 1.93482995033
276, 1.14552998543, 0.764293909073, 1.84984707832
277, 1.16959810257, 0.761295080185, 1.76560091972
278, 1.15288901329, 0.742699146271, 1.78742194176
279, 1.11517500877, 0.752508878708, 1.82876801491
280, 1.129114151, 0.812711000443, 1.90838384628
281, 1.12438797951, 0.784695148468, 1.87713718414
282, 1.09820580482, 0.802643060684, 1.84926915169
283, 1.10450387001, 0.78549695015, 1.85740590096
284, 1.15832901001, 0.855257034302, 1.95102405548
285, 1.15894198418, 0.821280956268, 1.93411684036
286, 1.16950511932, 0.884955883026, 2.05450701714
287, 1.13982319832, 0.844605922699, 1.95556902885
288, 1.13220000267, 0.853741884232, 1.99940800667
289, 1.1187210083, 0.879401922226, 1.96170806885
290, 1.13745999336, 0.906256198883, 2.01268410683
291, 1.09483385086, 0.821980953217, 1.95288205147
292, 1.164894104, 0.866899967194, 2.00143098831
293, 1.14788007736, 0.856344938278, 1.97486305237
294, 1.17133784294, 0.928904056549, 2.05345392227
295, 1.12558078766, 0.909470081329, 2.0510969162
296, 1.12633013725, 0.877012014389, 2.01959180832
297, 1.15848708153, 0.910401105881, 2.06837105751
298, 1.1216750145, 0.913726091385, 2.08563899994
299, 1.15775299072, 0.895708084106, 2.09916782379
300, 1.16764307022, 0.939988136292, 2.10317897797
301, 1.13771390915, 1.05634689331, 2.28641700745
302, 1.1346039772, 0.944654941559, 2.15286684036
303, 1.1475110054, 0.885592937469, 2.03327894211
304, 1.13085198402, 0.937961101532, 2.09794998169
305, 1.15494084358, 0.928076982498, 2.18127012253
306, 1.16017198563, 1.00249505043, 2.2231118679
307, 1.10074400902, 1.04284977913, 2.29863810539
308, 1.13559603691, 0.923565149307, 2.17220211029
309, 1.17704486847, 1.02857685089, 2.28798007965
310, 1.10706377029, 1.00118994713, 2.21285009384
311, 1.15907692909, 1.02950191498, 2.26540088654
312, 1.16513299942, 0.983966112137, 2.23417401314
313, 1.11894798279, 1.03927588463, 2.31974077225
314, 1.12459897995, 0.983348846436, 2.2112288475
315, 1.14944314957, 1.0464091301, 2.27100205421
316, 1.1216609478, 1.09351086617, 2.34047484398
317, 1.18446087837, 1.07713985443, 2.42767596245
318, 1.18819022179, 1.10030603409, 2.39606404305
319, 1.11911988258, 1.10757994652, 2.4035718441
320, 1.12070202827, 1.07902002335, 2.33153414726
321, 1.15657615662, 1.10961794853, 2.4009540081
322, 1.09451603889, 1.09679603577, 2.39442682266
323, 1.17499995232, 1.12691497803, 2.50546598434
324, 1.18525004387, 1.04911422729, 2.3089029789
325, 1.17300105095, 1.12341403961, 2.3943529129
326, 1.120844841, 1.13863706589, 2.50328707695
327, 1.14562606812, 1.17238092422, 2.59393000603
328, 1.13063097, 1.12010502815, 2.46342110634
329, 1.1983320713, 1.20089912415, 2.54662799835
330, 1.19676995277, 1.22226977348, 2.53843688965
331, 1.15594816208, 1.15250992775, 2.50234103203
332, 1.16220116615, 1.22921419144, 2.60721492767
333, 1.15597486496, 1.2119011879, 2.54804205894
334, 1.12678098679, 1.2156291008, 2.63648104668
335, 1.18487882614, 1.20402693748, 2.58899712563
336, 1.18268585205, 1.10189199448, 2.41407513618
337, 1.23084306717, 1.318338871, 2.71586203575
338, 1.14517092705, 1.26105904579, 2.68119287491
339, 1.14162898064, 1.28237199783, 2.70478105545
340, 1.14702296257, 1.2696928978, 2.66700720787
341, 1.18449401855, 1.26828885078, 2.68594503403
342, 1.2141931057, 1.18548583984, 2.61538290977
343, 1.15132212639, 1.34139704704, 2.76364803314
344, 1.1456489563, 1.27768111229, 2.77070593834
345, 1.16266393661, 1.32026386261, 2.80633687973
346, 1.11834406853, 1.28597521782, 2.78904008865
347, 1.19482088089, 1.38566994667, 2.8464140892
348, 1.176623106, 1.2552189827, 2.72263503075
349, 1.20059299469, 1.38659787178, 2.89286088943
350, 1.15649986267, 1.33731794357, 2.8193769455
351, 1.15885305405, 1.19350886345, 2.62248492241
352, 1.14812803268, 1.324903965, 2.82389998436
353, 1.2188141346, 1.34240818024, 2.80265498161
354, 1.19127583504, 1.42536783218, 2.93557095528
355, 1.11892700195, 1.43387508392, 2.94976115227
356, 1.1792550087, 1.41617393494, 2.98375320435
357, 1.14962291718, 1.41434597969, 2.99558401108
358, 1.16650509834, 1.38826203346, 3.01378011703
359, 1.21284008026, 1.40697693825, 2.94672298431
360, 1.17270302773, 1.4069750309, 3.01194596291
361, 1.22031617165, 1.50741410255, 3.01762795448
362, 1.16234397888, 1.43848991394, 2.92831301689
363, 1.16208386421, 1.45645284653, 3.12669205666
364, 1.16197705269, 1.50902199745, 3.0523891449
365, 1.21790003777, 1.45568490028, 3.06597089767
366, 1.21191310883, 1.4487490654, 3.00340414047
367, 1.17545294762, 1.58051395416, 3.08116197586
368, 1.18816781044, 1.3753888607, 2.91148495674
369, 1.18587493896, 1.52894186974, 3.16110706329
370, 1.14930486679, 1.58387613297, 3.15592288971
371, 1.23040509224, 1.50339317322, 3.14821600914
372, 1.21715688705, 1.48754787445, 3.19516801834
373, 1.22723793983, 1.45452904701, 3.10845780373
374, 1.18362402916, 1.49513506889, 3.15956497192
375, 1.18558621407, 1.5535929203, 2.98838806152
376, 1.14267015457, 1.58971810341, 3.06454515457
377, 1.15695285797, 1.52001905441, 2.93818807602
378, 1.18190217018, 1.64246606827, 3.06497311592
379, 1.12609291077, 1.63147497177, 3.15588307381
380, 1.10176897049, 1.62260985374, 3.15468382835
381, 1.11635303497, 1.65248394012, 3.1624648571
382, 1.10209202766, 1.57814097404, 3.12416100502
383, 1.1465408802, 1.5768699646, 3.08651590347
384, 1.16969895363, 1.55016994476, 3.04826712608
385, 1.14303016663, 1.54432415962, 3.00503706932
386, 1.09604787827, 1.63759899139, 3.17326998711
387, 1.1594991684, 1.59492015839, 3.09752702713
388, 1.10671687126, 1.66131019592, 3.19725012779
389, 1.16778588295, 1.56713104248, 3.06657004356
390, 1.16908311844, 1.67437791824, 3.28380990028
391, 1.10257697105, 1.64863491058, 3.12630987167
392, 1.11782884598, 1.79087400436, 3.39450097084
393, 1.11344599724, 1.87011098862, 3.53901791573
394, 1.10908699036, 1.61412906647, 3.06949496269
395, 1.1465280056, 1.58979678154, 3.19893789291
396, 1.15242290497, 1.71670913696, 3.3066380024
397, 1.18279099464, 1.76012396812, 3.35026311874
398, 1.10446810722, 1.88439106941, 3.40077400208
399, 1.12818002701, 1.86290311813, 3.44557094574
400, 1.10924005508, 1.70076394081, 3.32715916634
401, 1.18468618393, 1.83932590485, 3.48011302948
402, 1.17853713036, 1.79302692413, 3.43572807312
403, 1.11885809898, 1.77793312073, 3.33858299255
404, 1.13231492043, 1.86478900909, 3.55139398575
405, 1.14031100273, 1.75324892998, 3.37774896622
406, 1.1830561161, 1.79761719704, 3.46416211128
407, 1.18400502205, 1.79347515106, 3.40113306046
408, 1.11372995377, 1.83831191063, 3.46636104584
409, 1.16025495529, 1.85552310944, 3.48581695557
410, 1.13255691528, 1.94132804871, 3.59846782684
411, 1.16728305817, 1.81342411041, 3.46909213066
412, 1.16024112701, 1.74956512451, 3.40696907043
413, 1.13243603706, 1.91927886009, 3.61670398712
414, 1.10852813721, 1.92408418655, 3.61876392365
415, 1.12790703773, 1.92268109322, 3.66871213913
416, 1.18619084358, 1.84957003593, 3.41858816147
417, 1.17910504341, 1.99464511871, 3.68883609772
418, 1.15759992599, 2.05400300026, 3.73988389969
419, 1.14089894295, 2.07101511955, 3.80094218254
420, 1.12321305275, 1.78055405617, 3.40146708488
421, 1.18758606911, 1.94817519188, 3.58622908592
422, 1.21814608574, 1.98997402191, 3.70973587036
423, 1.10985398293, 2.01961493492, 3.65182089806
424, 1.11757898331, 2.03790593147, 3.66514801979
425, 1.15951704979, 2.05508089066, 3.83546519279
426, 1.13352394104, 1.98680186272, 3.75337290764
427, 1.21378898621, 2.19792914391, 3.99974298477
428, 1.21102905273, 2.13008594513, 3.82015013695
429, 1.08598399162, 2.04316210747, 3.89664411545
430, 1.19894886017, 2.10521888733, 3.99471998215
431, 1.19312095642, 2.09385204315, 3.75158286095
432, 1.161039114, 2.0485970974, 3.85131788254
433, 1.14663696289, 2.13016891479, 3.89060020447
434, 1.14664292336, 2.2903881073, 3.99769687653
435, 1.14188504219, 2.20108413696, 4.03803515434
436, 1.20044398308, 2.26811695099, 4.07449197769
437, 1.17597389221, 2.09871387482, 3.89252305031
438, 1.13646888733, 2.26054286957, 4.0900349617
439, 1.21444988251, 2.16687989235, 3.93284392357
440, 1.21095299721, 2.14047694206, 3.94159293175
441, 1.15368008614, 2.18244695663, 3.96860384941
442, 1.16474986076, 2.20178294182, 4.02113294601
443, 1.14651894569, 2.24354195595, 4.25344085693
444, 1.15840601921, 2.28905200958, 4.19089484215
445, 1.19422411919, 2.32276201248, 4.16984415054
446, 1.19262290001, 2.30217385292, 4.1062810421
447, 1.12186408043, 2.18599700928, 4.171241045
448, 1.20949101448, 2.30212402344, 4.21454977989
449, 1.2767598629, 2.17099308968, 3.9841709137
450, 1.1322247982, 2.377161026, 4.28392720222
451, 1.17438197136, 2.37742996216, 4.52251505852
452, 1.28098416328, 2.36838197708, 4.43146491051
453, 1.22718000412, 2.68752908707, 4.57722997665
454, 1.24172019958, 2.41703605652, 4.37556910515
455, 1.15889501572, 2.39298701286, 4.28345894814
456, 1.16750097275, 2.29023790359, 4.19923305511
457, 1.17882990837, 2.30632185936, 4.30536699295
458, 1.16300988197, 2.47521996498, 4.38789916039
459, 1.23195886612, 2.38245797157, 4.33114600182
460, 1.21421790123, 2.34969997406, 4.27523899078
461, 1.21110796928, 2.4970600605, 4.42423319817
462, 1.18099212646, 2.53204107285, 4.45841288567
463, 1.19624185562, 2.57340502739, 4.50769114494
464, 1.20961713791, 2.5487010479, 4.61293101311
465, 1.13971495628, 2.43852686882, 4.36496901512
466, 1.24345088005, 2.58594608307, 4.50365686417
467, 1.22421884537, 2.66845107079, 4.65124106407
468, 1.17185807228, 2.4864320755, 4.42404317856
469, 1.20828604698, 2.56951999664, 4.43990898132
470, 1.21165585518, 2.65200996399, 4.59018492699
471, 1.17168188095, 2.5300579071, 4.42278385162
472, 1.16064596176, 2.59034204483, 4.50938606262
473, 1.28866410255, 2.66254711151, 4.56791806221
474, 1.25201487541, 2.55031108856, 5.14791798592
475, 1.17343616486, 2.59594988823, 4.49625611305
476, 1.18465209007, 2.70564508438, 4.73744678497
477, 1.21529102325, 2.7647330761, 4.71714305878
478, 1.23211503029, 2.64108490944, 4.66932296753
479, 1.20001792908, 2.72165298462, 4.9397521019
480, 1.16024684906, 2.64278006554, 4.66116499901
481, 1.20884108543, 2.66810703278, 4.64897990227
482, 1.26322197914, 2.7905600071, 4.73019695282
483, 1.17180299759, 2.78723096848, 4.86924886703
484, 1.19080400467, 2.80138206482, 4.84085178375
485, 1.22369003296, 2.79538798332, 4.9792470932
486, 1.19511294365, 2.82198405266, 4.97719812393
487, 1.15811800957, 2.84256601334, 4.87925386429
488, 1.22754096985, 2.73222303391, 4.65656995773
489, 1.22323298454, 2.74607896805, 4.65521597862
490, 1.16066980362, 2.71993613243, 4.74608302116
491, 1.19640493393, 2.69930481911, 4.7393219471
492, 1.23609399796, 2.97754383087, 5.05388092995
493, 1.25955796242, 2.82328605652, 4.88548803329
494, 1.18693900108, 2.91392683983, 5.06917309761
495, 1.17921710014, 2.95660591125, 5.0495569706
496, 1.23746705055, 2.79070782661, 4.82909202576
497, 1.21572709084, 2.88638281822, 4.89385509491
498, 1.17577219009, 2.89382195473, 4.98981690407
499, 1.18576598167, 3.03140497208, 5.14243912697
500, 1.21861100197, 3.0938949585, 5.24199700356
501, 1.21845388412, 3.00413703918, 5.08993291855
502, 1.17363595963, 2.93079590797, 5.06192398071
503, 1.21268200874, 2.96408605576, 4.95594906807
504, 1.254540205, 3.0625, 5.09211182594
505, 1.1909840107, 3.09867787361, 5.3100399971
506, 1.19554209709, 3.04644680023, 5.11046600342
507, 1.27198386192, 3.05575299263, 5.23056101799
508, 1.24503397942, 3.0565969944, 5.14068222046
509, 1.1708650589, 3.10473895073, 5.29014801979
510, 1.22938013077, 3.2605881691, 5.5313911438
511, 1.24735307693, 3.17989015579, 5.36658096313
512, 1.18915510178, 3.10774803162, 5.38614010811
513, 1.27277708054, 3.21049880981, 5.63897800446
514, 1.25654411316, 3.20164012909, 5.39765715599
515, 1.21987199783, 3.17564296722, 5.26261401176
516, 1.24741005898, 3.20163416862, 5.48723101616
517, 1.25793290138, 3.24166584015, 5.40807294846
518, 1.21572303772, 3.29350280762, 5.47907996178
519, 1.19793200493, 3.29890489578, 5.63238286972
520, 1.27765488625, 3.34867501259, 5.55770206451
521, 1.27346396446, 3.34143996239, 5.51829910278
522, 1.22047686577, 3.06673908234, 5.24604392052
523, 1.25360202789, 3.40632605553, 5.73122215271
524, 1.26247501373, 3.28925681114, 5.5146188736
525, 1.19412708282, 3.3508079052, 5.45261192322
526, 1.25403904915, 3.49998784065, 5.70854592323
527, 1.28367185593, 3.25500702858, 5.50812792778
528, 1.22532296181, 3.25699615479, 5.51316714287
529, 1.22300601006, 3.28953194618, 5.47589993477
530, 1.27434396744, 3.45288705826, 5.69701194763
531, 1.27895402908, 3.41565895081, 5.57659888268
532, 1.18190312386, 3.60975003242, 5.90553092957
533, 1.25352287292, 3.30272889137, 5.53498196602
534, 1.29783797264, 3.50007200241, 6.09792518616
535, 1.18079400063, 3.29017305374, 5.36400198936
536, 1.28386998177, 3.61326003075, 6.03237700462
537, 1.26899313927, 3.42476892471, 5.69618391991
538, 1.18476390839, 3.42636680603, 5.6733109951
539, 1.21333599091, 3.47770810127, 5.77841901779
540, 1.26884293556, 3.50958395004, 5.73242688179
541, 1.24466085434, 3.60531497002, 5.91309094429
542, 1.19872307777, 3.38886594772, 5.52846002579
543, 1.27634000778, 3.73476099968, 6.02097797394
544, 1.29010009766, 3.59122204781, 5.85358810425
545, 1.20659017563, 3.5792889595, 5.91231608391
546, 1.26418685913, 3.69561600685, 6.07167696953
547, 1.26177978516, 3.79594111443, 6.15764093399
548, 1.22151398659, 3.70201182365, 6.00119185448
549, 1.2362549305, 3.68231487274, 6.01331591606
550, 1.28780388832, 3.74058103561, 5.97808289528
551, 1.27109599113, 3.48954105377, 6.09380292892
552, 1.28828215599, 3.83498215675, 6.05320119858
553, 1.23581004143, 3.66069579124, 5.96409106255
554, 1.2533659935, 3.81720304489, 5.92909598351
555, 1.26322007179, 3.86487579346, 6.29347896576
556, 1.30862903595, 3.86707305908, 6.14730906487
557, 1.22568488121, 3.83282399178, 6.09850502014
558, 1.26738786697, 3.90025901794, 6.30124115944
559, 1.25604295731, 3.84531712532, 6.53277301788
560, 1.25463080406, 3.77941298485, 6.05765104294
561, 1.3162150383, 3.95753288269, 6.31720781326
562, 1.26085186005, 3.7620780468, 6.22809314728
563, 1.30254793167, 3.78211688995, 6.09017491341
564, 1.23577809334, 3.90883207321, 6.28347992897
565, 1.27737808228, 3.76546311378, 6.50729894638
566, 1.25060915947, 3.81655693054, 6.1660399437
567, 1.2853910923, 4.05829501152, 6.46390485764
568, 1.30466508865, 4.04212117195, 6.45761704445
569, 1.26409602165, 3.94299387932, 6.30408406258
570, 1.26307916641, 4.00924992561, 6.30781888962
571, 1.26702189445, 4.09121799469, 6.62232995033
572, 1.3145711422, 4.01839399338, 6.37698984146
573, 1.32072401047, 4.02393603325, 6.70512199402
574, 1.31211209297, 3.99174308777, 6.31212997437
575, 1.27783989906, 4.04930782318, 6.58656096458
576, 1.25862908363, 4.10840988159, 6.40257287025
577, 1.28270316124, 4.11641788483, 6.52923488617
578, 1.36901211739, 4.06734895706, 6.48555994034
579, 1.33723306656, 4.20630407333, 6.65960907936
580, 1.26368784904, 3.87836289406, 6.28094005585
581, 1.28809213638, 4.25713706017, 6.80581784248
582, 1.2798140049, 3.99560403824, 6.36533308029
583, 1.33104395866, 4.35101294518, 6.80332112312
584, 1.33661293983, 4.24410200119, 6.58934807777
585, 1.33454680443, 3.95659089088, 6.448127985
586, 1.27074098587, 4.36537003517, 6.87331414223
587, 1.3475151062, 4.09485888481, 6.437240839
588, 1.33547401428, 4.37745594978, 6.80264496803
589, 1.32102704048, 4.39474391937, 6.82533597946
590, 1.25347900391, 4.25309205055, 6.79070091248
591, 1.37694907188, 4.33786416054, 6.7958509922
592, 1.34409594536, 4.30986595154, 6.84890317917
593, 1.31344008446, 4.27908396721, 6.8321750164
594, 1.37717914581, 4.38533806801, 6.83915114403
595, 1.32879400253, 4.28292608261, 6.74873495102
596, 1.26407694817, 4.43500185013, 6.8873360157
597, 1.33048796654, 4.5200510025, 7.04439282417
598, 1.32695508003, 4.34040617943, 6.91722202301
599, 1.3066740036, 4.46503210068, 6.89751505852
600, 1.27748012543, 4.53493213654, 6.9261879921
601, 1.33317685127, 4.53768110275, 7.01199507713
602, 1.31434988976, 4.53300905228, 7.08153390884
603, 1.38259720802, 4.2777159214, 6.81198692322
604, 1.31055212021, 4.43684911728, 7.32616996765
605, 1.32315707207, 4.40453195572, 7.0432369709
606, 1.33970308304, 4.61396503448, 7.54226493835
607, 1.3082048893, 4.63270902634, 7.17160987854
608, 1.38286495209, 4.58524680138, 7.13049197197
609, 1.36533498764, 4.80436897278, 7.41505718231
610, 1.36529302597, 4.56942105293, 6.98529314995
611, 1.31340408325, 4.9703040123, 7.60142707825
612, 1.37597799301, 4.8000562191, 7.3591170311
613, 1.30957198143, 4.60001897812, 6.94645595551
614, 1.3150229454, 4.74500703812, 7.24089217186
615, 1.37256789207, 4.7443459034, 7.22879099846
616, 1.34933996201, 4.53526616096, 7.35832691193
617, 1.38558006287, 4.77044796944, 7.59687781334
618, 1.45785403252, 5.45212197304, 8.21864008904
619, 1.50026202202, 4.82681393623, 7.65877985954
620, 1.46408319473, 4.78703117371, 7.70175004005
621, 1.57077407837, 4.91278910637, 7.87987589836
622, 1.51001691818, 5.10902404785, 8.19909596443
623, 1.47824883461, 4.76508998871, 7.84212493896
624, 1.79672598839, 5.40849494934, 8.03439712524
625, 1.40048503876, 4.94691705704, 7.65596103668
626, 1.40538215637, 4.89773392677, 7.97102713585
627, 1.54784822464, 5.31090188026, 8.05668592453
628, 1.54680109024, 5.25358510017, 8.09257316589
629, 1.4950401783, 5.60718894005, 7.85899710655
630, 1.50756883621, 5.24816894531, 8.16871500015
631, 1.49613785744, 5.0431330204, 7.83216309547
632, 1.37704801559, 5.1542699337, 8.03144693375
633, 1.40605807304, 5.56455302238, 8.2015440464
634, 1.34129810333, 5.17959904671, 7.91381382942
635, 1.31971383095, 5.09343791008, 7.47520208359
636, 1.39816093445, 5.08281588554, 7.54212284088
637, 1.3454079628, 4.97471213341, 7.51961708069
638, 1.36219906807, 5.01097297668, 7.43589496613
639, 1.35188698769, 5.53089213371, 8.11565113068
640, 1.34862589836, 5.52519583702, 8.56683397293
641, 1.51853895187, 5.36346101761, 7.90744590759
642, 1.35650897026, 5.23530912399, 7.85926008224
643, 1.434278965, 5.09677100182, 7.74374294281
644, 1.47871279716, 6.22077989578, 8.19830989838
645, 1.41168880463, 5.3326048851, 8.45163607597
646, 1.51426100731, 5.53310704231, 8.2145280838
647, 1.46020817757, 5.9939789772, 8.24599695206
648, 1.4946668148, 6.01068806648, 8.74206495285
649, 1.48256611824, 6.48627614975, 9.15661001205
650, 1.51134109497, 6.04940700531, 8.59994912148
